Epoch,Train_Loss,Train_ACC,Train_ASR,Train_R-ACC,Test_Loss_cl,Test_ACC,Test_Loss_bd,Test_ASR,Test_R-ACC
0,1.6273555066579444,40.42599868774414,37.31111145019531,39.56599807739258,1.3458388943067738,52.93333435058594,0.02191585286612242,99.63333129882812,0.3444444537162781
1,1.2115326264630193,56.98999786376953,58.0,54.06599807739258,1.1204289491747466,61.21111297607422,4.063048728262586e-07,100.0,0.0
2,1.0217197923099293,64.4000015258789,58.866668701171875,61.56399917602539,0.9236668768063397,68.22222137451172,1.3117218578934187e-11,100.0,0.0
3,0.9111161180164503,68.48600006103516,60.55555725097656,65.60199737548828,0.9230536373568253,69.13333129882812,0.0,100.0,0.0
4,0.8326455985798555,71.69999694824219,60.28889083862305,68.88600158691406,0.7636665038659539,74.18888854980469,0.0,100.0,0.0
5,0.7736218306414612,73.83200073242188,59.13333511352539,71.28199768066406,0.6850710867995947,77.33333587646484,0.0,100.0,0.0
6,0.7246853659677384,75.57599639892578,60.266666412353516,72.9679946899414,0.6935993638676656,76.71111297607422,0.0,100.0,0.0
7,0.6888905413772749,76.89599609375,60.0444450378418,74.36799621582031,0.737201385934588,76.06666564941406,0.0,100.0,0.0
8,0.6575684536753408,77.97200012207031,59.755558013916016,75.4939956665039,0.6384691906646943,79.62222290039062,0.0,100.0,0.0
9,0.6277480474518388,79.08200073242188,61.17778015136719,76.4020004272461,0.5986267706038246,80.22222137451172,0.0,100.0,0.0
10,0.6057067886185463,79.71199798583984,59.866668701171875,77.24800109863281,0.6206082076254026,79.47777557373047,0.0,100.0,0.0
11,0.5788690835008841,80.69599914550781,60.71111297607422,78.15399932861328,0.6008496490162862,80.53333282470703,0.0,100.0,0.0
12,0.5618591794120077,81.24199676513672,59.66666793823242,78.88199615478516,0.5544836642876477,82.0888900756836,0.0,100.0,0.0
13,0.5399824763502916,82.11399841308594,60.844444274902344,79.54399871826172,0.5594027713990547,82.26667022705078,0.0,100.0,0.0
14,0.5256708698047091,82.68199920654297,60.0,80.30199432373047,0.5777003299182569,81.16666412353516,0.0,100.0,0.0
15,0.5143810173739558,82.94999694824219,59.622222900390625,80.63600158691406,0.5869835203802082,81.35555267333984,0.0,100.0,0.0
16,0.4860975992344225,83.92599487304688,61.866668701171875,81.23199462890625,0.5520958371565375,82.16666412353516,1.3117218578934187e-11,100.0,0.0
17,0.47687058909164975,84.3499984741211,61.4444465637207,81.78599548339844,0.5430460803105798,82.14444732666016,1.3117218578934187e-11,100.0,0.0
18,0.46983842563141337,84.54000091552734,60.06666564941406,82.15599822998047,0.5544460890158801,82.63333129882812,0.0,100.0,0.0
19,0.4560910759831938,84.9959945678711,60.68888854980469,82.5260009765625,0.4718126058578491,84.83333587646484,0.0,100.0,0.0
20,0.44934124234692213,85.2459945678711,60.20000076293945,82.86199951171875,0.5489806528662292,82.5,0.0,100.0,0.0
21,0.43729710838069086,85.55400085449219,60.333335876464844,83.12200164794922,0.5028733329873689,84.52222442626953,0.0,100.0,0.0
22,0.42723512184589413,86.11199951171875,59.82222366333008,83.81999969482422,0.4843858073295002,84.46666717529297,0.0,100.0,0.0
23,0.41661885521753367,86.29399871826172,59.977779388427734,83.93999481201172,0.5756795922635307,82.70000457763672,0.0,100.0,0.0
24,0.41050364976496345,86.40799713134766,61.0444450378418,83.91799926757812,0.4765884276007263,84.83333587646484,1.9938005206144063e-09,100.0,0.0
25,0.4036953504890432,86.79199981689453,60.11111068725586,84.50599670410156,0.46125300312545936,85.32221984863281,1.7052371408505077e-10,100.0,0.0
26,0.39675953759409277,87.15399932861328,60.71111297607422,84.68000030517578,0.5251410125007092,83.76667022705078,7.083275437240368e-10,100.0,0.0
27,0.38503268361091614,87.41400146484375,61.77777862548828,84.79399871826172,0.4868975069741128,84.82221984863281,0.0,100.0,0.0
28,0.3773776422376218,87.73400115966797,61.35555648803711,85.22599792480469,0.5204405146585384,83.82221984863281,4.722188962237134e-10,100.0,0.0
29,0.3730250247527876,87.73799896240234,60.20000076293945,85.42599487304688,0.4944048309829873,84.64444732666016,7.870329114557791e-11,100.0,0.0
30,0.3650880184624811,88.1719970703125,60.866668701171875,85.72200012207031,0.4574302078132898,85.70000457763672,1.6092539481014267e-06,100.0,0.0
31,0.3571080070017549,88.3759994506836,60.400001525878906,86.0719985961914,0.5428162317880443,83.70000457763672,3.775362482427557e-07,100.0,0.0
32,0.3563368477860985,88.56800079345703,60.53333282470703,86.2239990234375,0.47710883155675,85.76667022705078,1.1871846270447847e-07,100.0,0.0
33,0.3506854375076416,88.4959945678711,60.53333282470703,86.0979995727539,0.4861214049685169,85.76667022705078,3.932064716319076e-05,100.0,0.0
34,0.3443847284521288,88.73799896240234,59.66666793823242,86.53799438476562,0.5044959959849505,85.20000457763672,3.3336247306276797e-06,100.0,0.0
35,0.3396379332941816,88.76799774169922,61.622222900390625,86.22999572753906,0.4305328514794229,87.05555725097656,8.982348310357185e-06,100.0,0.0
36,0.32897583294250166,89.39799499511719,61.66666793823242,86.92399597167969,0.5177637913697203,84.87777709960938,1.6658852826152802e-09,100.0,0.0
37,0.32867074824507586,89.22999572753906,59.511112213134766,87.08399963378906,0.45590211115252804,86.34444427490234,1.2592513370074778e-09,100.0,0.0
38,0.3232355852947211,89.44200134277344,60.22222137451172,87.13199615478516,0.48144713946631257,86.0111083984375,2.0987548553523898e-10,100.0,0.0
39,0.3156615478532089,89.73199462890625,61.155555725097656,87.2439956665039,0.4883566032832777,85.9000015258789,0.0,100.0,0.0
40,0.31392680992708183,89.70600128173828,61.35555648803711,87.16799926757812,0.46890380034144497,85.80000305175781,0.0,100.0,0.0
41,0.30867876844180514,90.16400146484375,62.77777862548828,87.40999603271484,0.5189907059703075,85.0,4.774659596490919e-09,100.0,0.0
42,0.3028217564763315,90.14399719238281,61.68888854980469,87.5719985961914,0.4647675844984995,86.4888916015625,2.6512335070687603e-08,100.0,0.0
43,0.3035479961987347,90.16199493408203,60.911109924316406,87.75199890136719,0.432517162301171,87.31111145019531,3.063537872835023e-07,100.0,0.0
44,0.2998470767303501,90.3219985961914,60.511112213134766,87.9959945678711,0.6338503486673597,82.86666870117188,3.0450596855292437e-07,100.0,0.0
45,0.29994284424483014,90.36399841308594,61.511112213134766,87.88999938964844,0.49401710654648257,85.85556030273438,1.1837895713137139e-07,100.0,0.0
46,0.2882691396929114,90.68199920654297,61.02222442626953,88.2959976196289,0.4752336324940265,86.0777816772461,7.110606334973153e-07,100.0,0.0
47,0.28952685669255074,90.7179946899414,61.622222900390625,88.21399688720703,0.49776373425839654,86.0888900756836,5.2858845505474625e-06,100.0,0.0
48,0.2865337513749252,90.7760009765625,61.911109924316406,88.1719970703125,0.47502415952548177,86.45555877685547,5.792150918048563e-08,100.0,0.0
49,0.2838100416161825,90.85199737548828,60.93333435058594,88.40399932861328,0.45626327122600985,86.4888916015625,5.820301431737047e-08,100.0,0.0
50,0.2853913418091167,90.84600067138672,61.02222442626953,88.4219970703125,0.4624302542545426,86.4888916015625,4.51163846188477e-07,100.0,0.0
51,0.2786013125382421,91.00999450683594,60.400001525878906,88.68000030517578,0.48179054071365945,85.95555877685547,1.3338813461596658e-07,100.0,0.0
52,0.2752932358504561,91.23199462890625,61.20000076293945,88.77799987792969,0.4659201135517846,86.75555419921875,2.8453696015302785e-07,100.0,0.0
53,0.2801062788271233,90.9219970703125,61.11111068725586,88.44200134277344,0.5351517840590275,85.03333282470703,7.582936898429447e-08,100.0,0.0
54,0.2764776612029356,91.16999816894531,61.06666564941406,88.73400115966797,0.4688934776144968,86.5999984741211,5.727944080861971e-07,100.0,0.0
55,0.268422789319092,91.41400146484375,61.42222213745117,88.90599822998047,0.45361293936279456,87.27777862548828,4.373638296488986e-05,100.0,0.0
56,0.26715989757681746,91.39799499511719,61.79999923706055,88.80599975585938,0.43294201581410957,87.24444580078125,4.1721553226496734e-05,100.0,0.0
57,0.26533066561383667,91.48400115966797,61.64444351196289,89.00199890136719,0.5007102078115436,85.77777862548828,2.9106861574344132e-08,100.0,0.0
58,0.2653696849904097,91.39199829101562,60.88888931274414,88.97799682617188,0.4385921304494562,87.30000305175781,1.9523499727064275e-06,100.0,0.0
59,0.2688348955662964,91.45199584960938,60.733333587646484,89.10799407958984,0.47480973118627573,86.67778015136719,8.329194257948727e-06,100.0,0.0
60,0.25762362898234514,91.79000091552734,61.13333511352539,89.39599609375,0.4900487378029756,86.26667022705078,1.6907773766100766e-06,100.0,0.0
61,0.2603112380103687,91.60399627685547,62.088890075683594,88.9939956665039,0.4491769161442636,87.44444274902344,6.087663364205198e-06,100.0,0.0
62,0.2619228678591111,91.63199615478516,62.0,89.05599975585938,0.5128548735044371,85.4888916015625,6.18786565943262e-05,100.0,0.0
63,0.25309863518875886,91.93000030517578,62.64444351196289,89.20800018310547,0.43853475720110074,87.5888900756836,3.308506805130402e-05,100.0,0.0
64,0.2550888336680429,91.80599975585938,61.511112213134766,89.30999755859375,0.47917530129493124,86.3888931274414,0.00011857838424629348,100.0,0.0
65,0.25575889420250186,91.69999694824219,61.088890075683594,89.25599670410156,0.4593408775161689,86.9888916015625,4.7103518444998025e-05,100.0,0.0
66,0.2574559243400688,91.70800018310547,61.24444580078125,89.29999542236328,0.44916846718586667,87.43333435058594,1.533770234384295e-05,100.0,0.0
67,0.2561484717328073,91.73199462890625,61.20000076293945,89.28199768066406,0.48039168182393194,86.94444274902344,0.0038908036183041166,99.96666717529297,0.03333333507180214
68,0.2511628721947865,91.97799682617188,61.53333282470703,89.44999694824219,0.470875127214781,86.80000305175781,1.542548855942302e-05,100.0,0.0
69,0.25106116441433385,91.99800109863281,61.155555725097656,89.50199890136719,0.48478455274877413,86.83333587646484,7.1110463471688466e-06,100.0,0.0
70,0.2586757593676257,91.6240005493164,59.55555725097656,89.46199798583984,0.44947291679785284,87.37777709960938,3.728735951164042e-06,100.0,0.0
71,0.25301356987117807,91.87999725341797,60.46666717529297,89.57599639892578,0.4729006678705484,86.31111145019531,7.592681003457778e-06,100.0,0.0
72,0.24174257308778252,92.1780014038086,62.088890075683594,89.54199981689453,0.45514532860735774,87.80000305175781,8.869272950502344e-07,100.0,0.0
73,0.24402515523497711,92.12999725341797,62.42222213745117,89.447998046875,0.4725026018182996,87.12222290039062,7.6205891109822635e-06,100.0,0.0
74,0.24641769627094878,92.18000030517578,61.77777862548828,89.65599822998047,0.49440377237091604,86.0888900756836,2.8284719186379167e-05,100.0,0.0
75,0.24827335992127733,92.09600067138672,61.844444274902344,89.58200073242188,0.44117945705501127,87.52222442626953,1.5111378186856212e-05,100.0,0.0
76,0.24694801453510515,92.10199737548828,61.0,89.7239990234375,0.48175968082857806,86.5,9.907014032251027e-06,100.0,0.0
77,0.2395636480482643,92.41799926757812,62.488887786865234,89.7719955444336,0.47663947394196415,86.74444580078125,9.254038117509942e-06,100.0,0.0
78,0.24532503489871768,92.21399688720703,61.31111145019531,89.7760009765625,0.4984409422941611,86.5888900756836,9.333985216356486e-05,100.0,0.0
79,0.23888401904374437,92.41400146484375,63.0,89.66799926757812,0.45374589717723957,87.14444732666016,4.192194865026977e-06,100.0,0.0
80,0.235125019955818,92.49800109863281,62.24444580078125,89.86399841308594,0.48725927631619953,86.53333282470703,2.539097642549908e-06,100.0,0.0
81,0.23905657449036913,92.31599426269531,61.755558013916016,89.77999877929688,0.45578092630480377,87.5111083984375,0.00022006865744938104,100.0,0.0
82,0.24073651781701066,92.28399658203125,60.77777862548828,89.90799713134766,0.4761566032826061,86.12222290039062,5.378445515637229e-06,100.0,0.0
83,0.2343809969361176,92.55599975585938,61.17778015136719,90.10399627685547,0.509188239423322,86.45555877685547,0.0001922698594542863,100.0,0.0
84,0.2324257052463034,92.62799835205078,62.866668701171875,89.9000015258789,0.43023350792871395,88.03333282470703,2.8761355206946792e-06,100.0,0.0
85,0.2305811408268826,92.5999984741211,61.911109924316406,90.0260009765625,0.5075609251646929,86.31111145019531,3.056092405323641e-05,100.0,0.0
86,0.23474244902963223,92.54000091552734,62.60000228881836,89.83799743652344,0.47996031482454754,86.72222137451172,3.9927989567165155e-05,100.0,0.0
87,0.23331930797042139,92.55199432373047,63.0,89.7959976196289,0.46774667501449585,87.25555419921875,2.277225996269254e-05,100.0,0.0
88,0.23180593453023746,92.57799530029297,62.488887786865234,89.95600128173828,0.46289838556672486,87.20000457763672,4.545104960489995e-06,100.0,0.0
89,0.2354195662928969,92.5459976196289,63.24444580078125,89.74199676513672,0.4846705070263903,86.62222290039062,1.1570410715392708e-05,100.0,0.0
90,0.2324503085687947,92.5479965209961,62.22222137451172,89.90799713134766,0.490242514811771,86.9000015258789,8.610038967675228e-05,100.0,0.0
91,0.23003201518217317,92.7439956665039,61.35555648803711,90.30400085449219,0.538366243872844,85.12222290039062,0.0003826371699483068,99.9888916015625,0.011111111380159855
92,0.23525318947365825,92.48600006103516,63.0,89.75999450683594,0.4404519000943278,87.5,0.00034895354843350834,100.0,0.0
93,0.22839419082607454,92.79199981689453,62.64444351196289,90.13800048828125,0.4864155242980366,86.77777862548828,8.289728441468469e-07,100.0,0.0
94,0.2289838784795893,92.7459945678711,63.22222137451172,89.9280014038086,0.5219610350232728,85.86666870117188,0.001315947986063613,100.0,0.0
95,0.23248016963834348,92.64999389648438,61.4444465637207,90.15999603271484,0.4575006055160308,87.46666717529297,0.0008938407597564895,100.0,0.0
96,0.2302342570765549,92.57799530029297,62.266666412353516,89.93599700927734,0.4585138723044328,87.0777816772461,0.0009471593567327609,100.0,0.0
97,0.22713997651396506,92.76399993896484,62.79999923706055,90.06599426269531,0.4346548006148406,88.02222442626953,1.202368745177576e-05,100.0,0.0
98,0.22567693692872592,92.75999450683594,62.53333282470703,90.10599517822266,0.44964781613417076,87.9000015258789,1.7128259098402414e-05,100.0,0.0
99,0.22717248608389168,92.77799987792969,62.911109924316406,90.10199737548828,0.513435499978737,85.92222595214844,0.00010959181973946766,100.0,0.0
100,0.16816945141538633,94.86000061035156,63.24444580078125,92.1240005493164,0.35333602571151623,90.12222290039062,0.0007790086891757928,100.0,0.0
101,0.14753541223647648,95.60199737548828,63.622222900390625,92.87199401855469,0.35065440907025003,90.43333435058594,0.0005743805774894189,100.0,0.0
102,0.14023822749895817,95.80999755859375,63.13333511352539,93.17599487304688,0.3580181524157524,90.55555725097656,0.0006979094038579718,100.0,0.0
103,0.13167116650001473,96.11000061035156,64.31111145019531,93.2699966430664,0.3667631342377461,90.55555725097656,0.00033981710304276574,100.0,0.0
104,0.12777024855279862,96.16399383544922,64.95555877685547,93.2239990234375,0.36123467131819526,90.61111450195312,0.000337416703548794,100.0,0.0
105,0.1269382448852672,96.13599395751953,64.68888854980469,93.23199462890625,0.36892537730680386,90.72222137451172,0.000617137634192108,100.0,0.0
106,0.12244749685649371,96.27999877929688,65.44444274902344,93.27799987792969,0.3630749836144313,90.70000457763672,0.0009608436863652994,100.0,0.0
107,0.12359662317787595,96.29199981689453,65.19999694824219,93.33399963378906,0.36072222080448985,90.9000015258789,0.0015990945279375243,100.0,0.0
108,0.1173230293194961,96.4939956665039,66.5777816772461,93.2959976196289,0.36923724591312274,90.56666564941406,0.0009597176870390195,100.0,0.0
109,0.11668112175181851,96.47599792480469,65.82221984863281,93.41999816894531,0.3686831853759121,91.17778015136719,0.0014499888950499746,100.0,0.0
110,0.1142617119738208,96.54000091552734,66.66666412353516,93.343994140625,0.3773644978941326,90.56666564941406,0.0007549872257891046,100.0,0.0
111,0.11551665035469452,96.50399780273438,66.22222137451172,93.40799713134766,0.37681892776573206,90.92222595214844,0.0012794298269051376,100.0,0.0
112,0.11167260294641985,96.57799530029297,66.93333435058594,93.34600067138672,0.37839544994730345,90.80000305175781,0.0015528354987265989,100.0,0.0
113,0.10941502895882672,96.64999389648438,67.28888702392578,93.37199401855469,0.3832049410737736,90.67778015136719,0.003109745102488554,99.97777557373047,0.02222222276031971
114,0.1098398637131352,96.67599487304688,67.9111099243164,93.26799774169922,0.39226423560733525,90.64444732666016,0.0030596600468336065,99.97777557373047,0.02222222276031971
115,0.11135634859485546,96.61199951171875,66.86666870117188,93.3759994506836,0.3895013914771483,90.71111297607422,0.0008694672904593844,100.0,0.0
116,0.10696323272174277,96.7719955444336,68.06666564941406,93.343994140625,0.3931234301605695,90.68888854980469,0.0009971849508026065,100.0,0.0
117,0.10417084167699528,96.81399536132812,68.4000015258789,93.31800079345703,0.39761996405645156,90.61111450195312,0.0025819555338157316,99.97777557373047,0.02222222276031971
118,0.10590210014863698,96.71599578857422,67.93333435058594,93.30799865722656,0.3990200554401102,90.68888854980469,0.0019524968188242909,99.9888916015625,0.011111111380159855
119,0.10110081294480035,96.76599884033203,68.53333282470703,93.25599670410156,0.39761393590712213,90.71111297607422,0.0012573247626227078,100.0,0.0
120,0.10351074438380159,96.8219985961914,68.64444732666016,93.3219985961914,0.4117447851409375,90.5,0.0018876776546830128,99.9888916015625,0.011111111380159855
121,0.10031367484908885,96.88800048828125,69.44444274902344,93.23400115966797,0.40066398512309703,90.5,0.0007996866126990759,100.0,0.0
122,0.10206706375550584,96.7979965209961,68.82221984863281,93.24800109863281,0.4122031205137011,90.31111145019531,0.0009263129745000107,100.0,0.0
123,0.09840577272007532,96.9939956665039,70.24444580078125,93.18799591064453,0.4050902838648205,90.63333129882812,0.0034510998324241856,99.97777557373047,0.02222222276031971
124,0.09967132882141244,96.88199615478516,69.24444580078125,93.25599670410156,0.4110278597390148,90.44444274902344,0.0016954880598014299,99.97777557373047,0.02222222276031971
125,0.095909852925164,97.00599670410156,70.80000305175781,93.10199737548828,0.4152771215623533,90.53333282470703,0.0013680383874575648,99.97777557373047,0.02222222276031971
126,0.09829198455680972,96.94400024414062,69.5111083984375,93.26799774169922,0.41582702855828785,90.82221984863281,0.0019062851575321295,99.9888916015625,0.011111111380159855
127,0.09504467175554132,97.02399444580078,71.06666564941406,93.06599426269531,0.4184727962587921,90.5,0.002087848105231746,99.97777557373047,0.02222222276031971
128,0.09861108363913301,96.95999908447266,69.93333435058594,93.23199462890625,0.4095292109209047,90.77777862548828,0.002516976725736397,99.9888916015625,0.011111111380159855
129,0.0932949548563384,97.0479965209961,71.37777709960938,93.0479965209961,0.4207017190859351,90.42222595214844,0.0018531108409507383,99.9888916015625,0.011111111380159855
130,0.09323747235986278,97.1199951171875,71.86666870117188,93.05999755859375,0.4139254844524491,90.5777816772461,0.0022539697664553746,99.97777557373047,0.02222222276031971
131,0.08999727228823144,97.23400115966797,72.64444732666016,93.02999877929688,0.4268376509278593,90.26667022705078,0.0005297848752299718,100.0,0.0
132,0.09082145209107405,97.10199737548828,72.20000457763672,92.97000122070312,0.42388353465308604,90.62222290039062,0.0005962907203020607,100.0,0.0
133,0.0902271156611345,97.0979995727539,72.0888900756836,92.97000122070312,0.42850452682501833,90.44444274902344,0.0009892687786036028,100.0,0.0
134,0.0917638475527925,97.05999755859375,71.84444427490234,93.01799774169922,0.4199661830781211,90.47777557373047,0.0009173899684035757,100.0,0.0
135,0.08997234054233717,97.06599426269531,71.80000305175781,92.98199462890625,0.4240569069351948,90.47777557373047,0.0012268657389451082,99.9888916015625,0.011111111380159855
136,0.08707184632263525,97.26799774169922,73.68888854980469,92.89199829101562,0.4278304574775024,90.24444580078125,0.0013869359710542354,99.9888916015625,0.011111111380159855
137,0.08634410342654152,97.2439956665039,73.28888702392578,92.91999816894531,0.430250883522168,90.42222595214844,0.000663483031274436,100.0,0.0
138,0.08377606147314276,97.3219985961914,74.04444885253906,92.86000061035156,0.4378442325642411,89.9888916015625,0.0010318549134289768,100.0,0.0
139,0.08508887647381981,97.35799407958984,74.4000015258789,92.83799743652344,0.431505518480086,90.15555572509766,0.0025677563225797993,99.97777557373047,0.02222222276031971
140,0.08064095743591218,97.47599792480469,75.17778015136719,92.81199645996094,0.4371863695937143,90.32221984863281,0.0006324713816046452,100.0,0.0
141,0.08110862584484507,97.43000030517578,75.04444885253906,92.80799865722656,0.44015085319398156,90.30000305175781,0.003660524932956192,99.96666717529297,0.03333333507180214
142,0.0803112572397265,97.45399475097656,75.5111083984375,92.75399780273438,0.443557653418729,90.12222290039062,0.0010181170528341399,99.9888916015625,0.011111111380159855
143,0.0796405783594798,97.49800109863281,75.95555877685547,92.71599578857422,0.44538277870332693,90.28888702392578,0.0007521344777557369,100.0,0.0
144,0.07978378225813436,97.43599700927734,75.84444427490234,92.66799926757812,0.44762689064086325,90.12222290039062,0.0006684909679625236,100.0,0.0
145,0.08066501032056102,97.447998046875,75.5111083984375,92.73600006103516,0.4429137284906817,90.3888931274414,0.0008947991673395195,100.0,0.0
146,0.07873106716186418,97.447998046875,75.93333435058594,92.68799591064453,0.4391060018203628,90.3888931274414,0.0003747319606703404,100.0,0.0
147,0.07608489197728883,97.55799865722656,76.8888931274414,92.59199523925781,0.4418349169509512,90.4000015258789,0.0023668194402822517,99.97777557373047,0.02222222276031971
148,0.07788274120872893,97.47200012207031,76.26667022705078,92.64199829101562,0.4516433823696325,90.0111083984375,0.0007967188672333116,100.0,0.0
149,0.07592047880525174,97.54399871826172,76.75555419921875,92.64599609375,0.44673596679324834,90.44444274902344,0.002325199851864608,99.9888916015625,0.0
150,0.07081221423261916,97.70399475097656,78.04444885253906,92.57999420166016,0.4471467804740852,90.36666870117188,0.0015630685916157361,100.0,0.0
151,0.07092881622388388,97.72000122070312,78.20000457763672,92.54000091552734,0.4467379469686831,90.43333435058594,0.0016138085539610138,100.0,0.0
152,0.06694314323480019,97.83399963378906,78.8888931274414,92.5459976196289,0.45030228898558816,90.36666870117188,0.0036243142979875418,99.95555877685547,0.02222222276031971
153,0.07158933895999742,97.68599700927734,77.5777816772461,92.63399505615234,0.44405643956761964,90.34444427490234,0.0018555641561274377,99.97777557373047,0.011111111380159855
154,0.06525137279982991,97.87999725341797,79.66666412353516,92.45199584960938,0.4449294161208918,90.4888916015625,0.0019687088362177387,99.9888916015625,0.0
155,0.06739859598333878,97.85399627685547,79.0888900756836,92.52799987792969,0.44953506828193934,90.31111145019531,0.0032006792484743285,99.97777557373047,0.011111111380159855
156,0.06759193575347933,97.84199523925781,79.33333587646484,92.49199676513672,0.45042773661479146,90.33333587646484,0.003267115844466107,99.96666717529297,0.02222222276031971
157,0.06633001448981979,97.85799407958984,79.68888854980469,92.43799591064453,0.4458331371277151,90.36666870117188,0.0022228967331179325,99.97777557373047,0.011111111380159855
158,0.06636425771314622,97.83599853515625,79.44444274902344,92.43599700927734,0.4512102570332272,90.17778015136719,0.0016663636926981344,99.9888916015625,0.011111111380159855
159,0.06938927260267994,97.7239990234375,78.11111450195312,92.57599639892578,0.4480700948288743,90.37777709960938,0.0022014273448624244,99.97777557373047,0.011111111380159855
160,0.0672488636706415,97.82799530029297,79.11111450195312,92.4959945678711,0.44677053685759155,90.36666870117188,0.0026893655402244815,99.96666717529297,0.02222222276031971
161,0.06554285060052219,97.85599517822266,79.5777816772461,92.45399475097656,0.4582907866004487,90.21111297607422,0.0028538758338520855,99.96666717529297,0.02222222276031971
162,0.06629487250209845,97.79999542236328,78.8888931274414,92.48600006103516,0.45555570196937506,90.15555572509766,0.0036526838527388976,99.95555877685547,0.03333333507180214
163,0.06460715558313196,97.91999816894531,80.13333129882812,92.42599487304688,0.4532424289156014,90.33333587646484,0.0022654373298766433,99.97777557373047,0.02222222276031971
164,0.06498756055312846,97.89799499511719,79.84444427490234,92.45399475097656,0.44441491890121515,90.37777709960938,0.0021910070094056954,99.96666717529297,0.02222222276031971
165,0.06516359725019054,97.93599700927734,79.93333435058594,92.45999908447266,0.4531467101523574,90.30000305175781,0.003138922046686352,99.95555877685547,0.03333333507180214
166,0.06339646802972192,97.97799682617188,80.5111083984375,92.40399932861328,0.44728035784103504,90.4000015258789,0.005021743812519585,99.94444274902344,0.0555555559694767
167,0.06265420757014961,97.97599792480469,80.97777557373047,92.32799530029297,0.4481565383538394,90.23333740234375,0.002602453919088232,99.96666717529297,0.02222222276031971
168,0.06685629478224632,97.80999755859375,79.0888900756836,92.48400115966797,0.44444425760860173,90.3888931274414,0.004624108029660625,99.93333435058594,0.04444444552063942
169,0.06331383625088292,97.93199920654297,80.53333282470703,92.3479995727539,0.44705861722919304,90.42222595214844,0.0027848047984790213,99.95555877685547,0.03333333507180214
170,0.06293228550640213,97.97799682617188,80.95555877685547,92.33999633789062,0.45518291899016206,90.37777709960938,0.0025437594388126278,99.96666717529297,0.02222222276031971
171,0.06329610883770391,97.88800048828125,79.84444427490234,92.41999816894531,0.454650256415488,90.23333740234375,0.001396310430849758,99.9888916015625,0.011111111380159855
172,0.06419537689708307,97.90599822998047,79.95555877685547,92.44999694824219,0.45077589699919796,90.37777709960938,0.002253429764966992,99.96666717529297,0.03333333507180214
173,0.06145521192370778,98.05999755859375,81.75555419921875,92.2699966430664,0.45358352216196735,90.33333587646484,0.0034782543047134516,99.95555877685547,0.04444444552063942
174,0.06396105552277982,97.89999389648438,79.71111297607422,92.47200012207031,0.45170254669558835,90.35556030273438,0.006437585356278004,99.84444427490234,0.14444445073604584
175,0.059593992788925805,98.03199768066406,81.77777862548828,92.22799682617188,0.45134766630723444,90.53333282470703,0.0024155108840204775,99.96666717529297,0.03333333507180214
176,0.06288739210447235,97.90799713134766,80.53333282470703,92.33599853515625,0.45115036947626463,90.33333587646484,0.0023323577241709742,99.96666717529297,0.02222222276031971
177,0.06144405740177464,98.00599670410156,81.31111145019531,92.30400085449219,0.4555416827050733,90.32221984863281,0.0037738902963251925,99.95555877685547,0.03333333507180214
178,0.06277237327345421,97.9679946899414,81.26667022705078,92.26399993896484,0.44599589684479674,90.32221984863281,0.0030352835597562224,99.95555877685547,0.03333333507180214
179,0.05996931462412905,98.0,80.95555877685547,92.34600067138672,0.44931348906436436,90.30000305175781,0.003545029308568214,99.95555877685547,0.03333333507180214
180,0.0610222885542361,98.04199981689453,81.4888916015625,92.29399871826172,0.4511812553859093,90.35556030273438,0.0035786047056448503,99.94444274902344,0.03333333507180214
181,0.05866607241665997,98.0719985961914,81.82221984863281,92.26799774169922,0.4531392207447912,90.21111297607422,0.0025163495513072735,99.96666717529297,0.03333333507180214
182,0.06047260933234106,98.03399658203125,81.80000305175781,92.2239990234375,0.45135821402072906,90.27777862548828,0.0022923573589241,99.96666717529297,0.02222222276031971
183,0.060243906612839085,98.07799530029297,82.0,92.2699966430664,0.4515177819510581,90.24444580078125,0.00232579095803962,99.96666717529297,0.02222222276031971
184,0.060445192193760135,97.95999908447266,81.4888916015625,92.22599792480469,0.45350763453564175,90.32221984863281,0.0052372290274049615,99.92222595214844,0.0555555559694767
185,0.05772788340554518,98.06800079345703,82.17778015136719,92.20999908447266,0.45552366216417767,90.32221984863281,0.002734411195491139,99.96666717529297,0.03333333507180214
186,0.05795715480823727,98.16600036621094,82.73333740234375,92.20199584960938,0.45582918528939637,90.22222137451172,0.003292849096371202,99.95555877685547,0.04444444552063942
187,0.058528780563236654,98.06800079345703,81.97777557373047,92.25799560546875,0.45213091583319115,90.43333435058594,0.005726627434905566,99.87777709960938,0.10000000149011612
188,0.06077397164062161,98.01799774169922,81.75555419921875,92.22000122070312,0.45469825158656485,90.30000305175781,0.001671560640728862,99.96666717529297,0.02222222276031971
189,0.06092125943640385,98.0260009765625,81.5111083984375,92.29000091552734,0.4519742101850644,90.3888931274414,0.0035697143856094965,99.95555877685547,0.03333333507180214
190,0.05838062051359726,98.09199523925781,82.28888702392578,92.22599792480469,0.45986370910221425,90.25555419921875,0.003584197480526661,99.95555877685547,0.03333333507180214
191,0.05883952284998754,98.01200103759766,82.04444885253906,92.18000030517578,0.45376245110807284,90.43333435058594,0.0035232370030659605,99.94444274902344,0.04444444552063942
192,0.05751032009244422,98.14599609375,82.75555419921875,92.1780014038086,0.46029763469393825,90.23333740234375,0.0018767945593039335,99.96666717529297,0.02222222276031971
193,0.05595314575363989,98.20399475097656,83.4888916015625,92.12799835205078,0.45748628046311124,90.33333587646484,0.0017277982051510522,99.97777557373047,0.02222222276031971
194,0.05959307497410137,98.05799865722656,82.15555572509766,92.20399475097656,0.45416645264961353,90.32221984863281,0.0018760474139667103,99.96666717529297,0.02222222276031971
195,0.05727575441150714,98.13999938964844,82.73333740234375,92.18399810791016,0.4587979728067425,90.04444885253906,0.0032408064810073817,99.94444274902344,0.04444444552063942
196,0.057921383734744834,98.0719985961914,82.55555725097656,92.13999938964844,0.4629706637540334,89.9888916015625,0.0018324695222578207,99.96666717529297,0.02222222276031971
197,0.058942269774444424,98.0979995727539,82.42222595214844,92.18199920654297,0.45925619904424103,90.21111297607422,0.002093085947013657,99.96666717529297,0.02222222276031971
198,0.057990779940639156,98.10799407958984,82.26667022705078,92.2439956665039,0.45659892680779307,90.28888702392578,0.003735656241728911,99.94444274902344,0.0555555559694767
199,0.057824938891507936,98.08999633789062,82.73333740234375,92.1259994506836,0.4551511146652866,90.30000305175781,0.0034628359553351682,99.95555877685547,0.04444444552063942
